,Unnamed: 0,file_name,label,text,English,Manually_Labeled
0,0,BG_Box_AleksandarPovetkin_vs_AnthonyDjoshua_NO,NO,"Аз съм в много добра форма, проведох отличен тренировъчен лагер.
Джошуа е един от най-силните боксьори в света в тежка категория.
Затова съм щастлив, че имам възможност да бъда на ринга срещу него и искам да подаря на феновете един хубав двубой.
Тази среща ще покаже всичко, Антъни е силен боксьор, но и аз съм съм силен.
Когато се бих с Кличко, бях по-слаб и се намирах в по-лоша форма, отколкото съм в момента.","I am in very good shape, I had an excellent training camp.
Joshua is one of the strongest heavyweight boxers in the world.
That's why I'm happy to have the opportunity to be in the ring against him and I want to give the fans a nice match.
This meeting will show everything, Anthony is a strong boxer, but I am also strong.
When I fought with Klitschko, I was weaker and in worse shape than I am now.",True
1,1,BG_Box_AndiRuiz_vs_AnthonyDjoshua_YES,YES,"Всички ме подценяват, но това ще бъде страшна битка.
Всички ще видят какво мога.
Тук съм, за да шокирам всички, да шокирам света и да покажа кой съм.
Готов съм за Антъни Джошуа.
Надявам се, че той ме подценява и си мисли, че битката с мен ще бъде фасулска работа.
Но когато се изправи на ринга срещу мен, ще разбере, че това няма да е точно така.
Когато видите бързината и точността ми, ще бъдете изненадани.
Видях много слабости в играта му и знам, че той работи над тях.
Най-важното е да се придържам към игровия си план.
Не искам да говоря твърде много за неговите слабости.
Трябва само да импровизирам и да се възползвам от тях, когато удари гонгът.
Гледаме много видеоклипове на Майк Тайсън.
Обработваме някои от неговите движения, за да мога да се приближавам до Антъни Джошуа.
Най-важното е да остана фокусиран и да съм подготвен.
Да съм готов за всичко и да съм във форма.","Everyone underestimates me, but it will be a terrible battle.
Everyone will see what I can do.
I am here to shock everyone, to shock the world and to show who I am.
I'm ready for Anthony Joshua.
I hope he underestimates me and thinks the battle with me will be a bean job.
But when he faces me in the ring, he'll know that's not going to be the case.
When you see my speed and accuracy, you will be surprised.
I have seen many weaknesses in his game and I know that he is working on them.
The most important thing is to stick to my game plan.
I don't want to talk too much about his weaknesses.
I just have to improvise and take advantage of them when the gong strikes.
We watch a lot of videos of Mike Tyson.
We're working on some of his movements so I can get closer to Anthony Joshua.
The most important thing is to stay focused and prepared.
To be ready for everything and to be in shape.",True
2,2,BG_Box_AnthonyDjoshua_vs_AleksandarPovetkin_YES,YES,"Ако оставим настрана техниката и качествата, и двамата играем с голямо сърце и характер, показахме го срещу Кличко.
Ще спечели този, който се окаже най-издръжлив.
Той е един от най-леките боксьори в тежка категория в сравнение с други, но това означава че притежава бързина.
Имах спаринги с боксьори в полутежка категория като Лоурънс Околие, които са бързи и резки в ударите си.
Неговите силни страни?
Работя с хора, които имат подобни силни страни.","Leaving aside the technique and qualities, we both play with a big heart and character, we showed it against Klitschko.
The one who is the most resilient will win.
He is one of the lightest heavyweight boxers compared to others, but that means he has speed.
I had sparring matches with light heavyweight boxers like Lawrence Neighborhood who were fast and sharp in their punches.
Its strengths?
I work with people who have similar strengths.",True
3,3,BG_Box_AnthonyDjoshua_vs_AndiRuiz_NO,NO,"Приемам мача с Анди напълно сериозно, изобщо не го подценявам.
Уважавам него и екипа му и това, че прие този сблъсък, когато нямаше кой друг.
Независимо какво казват букмейкърите той ще направи добър мач и ще ми създаде проблеми.
Само от мен зависи да го надхитря и пречупя.","I take the match with Andy very seriously, I don't underestimate it at all.
I respect him and his team and the fact that he accepted this clash when there was no one else.
No matter what the bookmakers say, he will make a good match and cause me problems.
It's up to me to outwit and break it.",True
4,4,BG_Box_AntonyDjoshua_vs_VladimirKlichko_YES,YES,"Бях изтласкан на места, където никога не съм бил изтласкван преди това.
Мисля, че имам повече умора във фитнеса отколкото по време на битките.
Понякога опитвам неща, които не работят и аз съм чупил ребрата си, ръката си, изваждал съм рамото си, но го правя заради високите си цели.
Аз тренирах под прикритието на мрака, за да мога да блесна под светлините на 29 април.","I was pushed to places I had never been pushed before.
I think I have more fatigue in the gym than during the fights.
Sometimes I try things that don't work and I've broken my ribs, my arm, I've taken out my shoulder, but I do it for my lofty goals.
I trained under cover of darkness so I could shine in the lights on April 29th.",True
5,5,BG_Box_BogdanDinu_vs_KubratPulev_NO,NO,"Чудесно се, чувствам.
Добре дошли в Румъния и в моята зала.
Преди Кубрат ме би по точки.
Нормално е сега да има реванш и това е добре за мен.
Бях много млад, само на 21.
Той имаше повече опит.
Смятам, че сега сме равни.
Силно вярвам в себе си и се подготвих много добре.
Искам реванш, искам да съм по-добрият.
Познавам го повече като спортист.
Знам, че е много популярен в България.
Мисля, че е готин и като човек.
Имам една единствена загуба.
Сега искам да съм на върха.
Щастлив съм, че имам шанс да се боксирам с Кубрат Пулев.
Искам да го надвия.
Преди две години реших да направя своя боксова зала, където да не завися от никого.
Харесва ми да предавам опита си на децата.
Смятам, че опитът трябва да се предава нататък.
Харесвам Мохамед Али.
Чел съм много за него.
Харесвам начина, по който се е боксирал.
Сложил съм вдъхновяващи цитати от него в залата.
Това ме мотивира.
Работата ми в специалните части ми помага да се мотивирам и да не се отказвам.
Имам нужда от този адреналин.
Свикнал съм.
Нащрек съм и няма място за страх.
Рискове има във всичко.
Дори в това да ходиш по улицата.
Когато правиш нещо с голямо желание и страст, рисковете остават на заден план.
Боксът е най-голямото ми хоби.
Иначе зимата обичам да карам ски.
Луд съм за палачинки.
Мечтая да донеса колан от Световното в Румъния, първи колан в тежка категория.","Great, I feel.
Welcome to Romania and to my hall.
Before Kubrat beat me on points.
It is normal to have a rematch now and that is good for me.
I was very young, only 21.
He had more experience.
I think we are equal now.
I strongly believe in myself and I prepared very well.
I want revenge, I want to be the best.
I know him better as an athlete.
I know that it is very popular in Bulgaria.
I think he's cool as a person.
I have only one loss.
Now I want to be on top.
I am happy that I have a chance to box with Kubrat Pulev.
I want to beat him.
Two years ago I decided to make my own boxing hall, where I would not depend on anyone.
I like to pass on my experience to the children.
I believe that the experience must be passed on.
I like Mohamed Ali.
I read a lot about him.
I like the way he boxed.
I put inspirational quotes from him in the hall.
That motivates me.
My work in the special units helps me to be motivated and not to give up.
I need this adrenaline.
I'm used to it.
I am alert and there is no room for fear.
There are risks in everything.
Even walking down the street.
When you do something with great desire and passion, the risks stay in the background.
Boxing is my biggest hobby.
Otherwise, in winter I like to ski.
I'm crazy about pancakes.
My dream is to bring a belt from the World Cup in Romania, the first heavyweight belt.",True
6,6,BG_Box_CvetozarIliev_vs_GrigorSarahunan_NO,NO,"Григор е сериозен съперник.
Сигурен съм, че се подготвя добре.
Нямам никакво намерение да го подценя.
Имам какво да покажа срещу него.
Дадох си малко почивка след последния ми мач в края на 2018-а.
Имаше празници, но сега увеличих тренировъчното натоварване.
Ще бъда по-свеж.
Тренирам в Плевен в спортен клуб ""Скорпион"".
Там има доста момчета, с които правя спаринги.
Григор е опитен и има доста мачове.
Няма конкретен стил на игра, способен е да пресира или да разиграва.
Дългата пауза оказва влияние, но той е наясно как да си върне формата.
Не се представи добре в ""Арена Армеец"", но понякога в бокса получаваш удар.
Шоу ще има.
Всичко е възможно в тази битка.
Нямам намерение да отправям закани, защото спортът ме е научил да уважавам противниците.","Grigor is a serious opponent.
I'm sure he's preparing well.
I have no intention of underestimating it.
I have something to show against him.
I took a break after my last game at the end of 2018.
There were holidays, but now I have increased the training load.
I will be fresher.
I train in Pleven in the sports club ""Scorpio"".
There are a lot of guys there with whom I do sparring.
Grigor is experienced and has a lot of matches.
There is no specific style of play, he is able to press or play.
The long pause has an effect, but he knows how to get back in shape.
You don't perform well in Arena Armeec, but sometimes in boxing you get hit.
There will be a show.
Anything is possible in this battle.
I have no intention of making threats because sport has taught me to respect my opponents.",True
7,7,BG_Box_DerekChisora_vs_KubratPulev_NO,NO,"Идвам, за да убия този човек.
Нищо не се случи.
В момента, в който с Пулев бяхме лице в лице, едно от момчетата от неговия антураж, мисля, че му е близък приятел, ме удари с пластмасова бутилка в главата.
Каква е причината – не знам.","I'm coming to kill this man.
Nothing happened.
The moment Pulev and I were face to face, one of the boys in his entourage, I think he was a close friend, hit me in the head with a plastic bottle.
What is the reason - I do not know.",True
8,8,BG_Box_HuiFury_vs_KubratPulev_NO,NO,"С нетърпение очаквам битката с Кубрат Пулев.
Предстои ми една спокойна седмица, през която ще се подготвя за боя.
Ще посетим и Пловдив.
Идвали сме в България, когато бях на 14 години.
Имаме приятели тук в София.
Очаквам много публика в залата, но не мисля за нея.
Само аз и той в ринга, и това е единственото, което ме интересува.
Това, че ще се бием на неговата територия само повече ме мотивира.
Повече искам да го набия.
Предимството ми е, че Пулев никога не се е бил досега с човек като мен.
Имам много предимства.
Моите умения най-вече.
Ще видите всички за какво говоря на 27 октомври.
Всичко е между двама души с ръкавици, които се бият.
Когато удари гонга, ще видим кой е по-добрият.
В тренировките работим само аз и баща ми.
Не съм трениръл с Тайсън.
Иначе за предстящия бой съм на сто процента уверен, че ще победя.","I look forward to the battle with Kubrat Pulev.
I have a quiet week ahead of me, during which I will prepare for the fight.
We will also visit Plovdiv.
We came to Bulgaria when I was 14 years old.
We have friends here in Sofia.
I expect a lot of audience in the hall, but I don't think about it.
Just me and him in the ring, and that's all I care about.
The fact that we will fight on its territory only motivates me more.
I want to beat him more.
My advantage is that Pulev has never fought with a man like me.
I have many advantages.
My skills mostly.
You will all see what I am talking about on October 27th.
It's all between two people in gloves fighting.
When the gong strikes, we will see who is better.
Only my father and I work in training.
I didn't train with Tyson.
Otherwise, for the upcoming fight, I am one hundred percent sure that I will win.",True
9,9,BG_Box_KevinDjonson_vs_KubratPulev_NO,NO,"Последният ми двубой беше преди около два месеца в САЩ.
Спечелих го.
Взех решение да се върна и отново да се състезавам на най-високо ниво, затова и избрах да се изправя срещу много силен и опасен опонент.
Искам да спечеля, така че всичко е наред.
Готов съм да победя Кубрат.
Наслаждавам се на престоя си тук.
Разглеждах много, стараех се да си прекарвам добре, срещнах страхотни хора.
Тук е едно много красиво място.
Ще се наслаждавам преди мача, ще се наслаждавам и след мача, а също така ще се наслаждавам след победата на следващия си двубой.
И преди съм се изправял срещу съперник, който е подкрепян от феновете.
Може да скандират в негова полза колкото си искат, но не може да му помогнат на ринга.
На ринга сме само двамата, преди също съм бил в такава позиция и колкото и да викат, победителят може да е само един.","My last match was about two months ago in the United States.
I won it.
I decided to go back and compete at the highest level again, so I chose to face a very strong and dangerous opponent.
I want to win, so everything is fine.
I am ready to defeat Kubrat.
I enjoy my stay here.
I looked around a lot, I tried to have a good time, I met great people.
Here is a very beautiful place.
I will enjoy before the match, I will enjoy after the match, and I will also enjoy after winning my next match.
I have faced an opponent who is supported by the fans before.
They can chant in his favor as much as they want, but they can't help him in the ring.
There are only two of us in the ring, I have been in such a position before and no matter how much they shout, there can only be one winner.",True
10,10,BG_Box_KubratPulev_vs_BogdanDinu_YES,YES,"Помня, че бих един румънец.
Бих го хубаво и ми беше много удобен тогава.
Бях много по-бърз от него и го разкъртих.
Тези груби думи мога да употребя.
Помня, че го бих, но не помня точно кой беше.
Сега, по статистиката, е той.
Надявам се и вярвам, че ще го бия.
Вярвам, че съм по-добър.
Трябва да го бия, като знам, че и ще има голяма българска публика в Лос Анджелис, която ще ме подкрепя.
Не мога да ги изложа.
Ще направя необходимото, за да мога да направя хората щастливи в този момент.","I remember being a Romanian.
I would love it and it was very comfortable for me then.
I was much faster than him and I broke him.
I can use these rude words.
I remember beating him, but I don't remember exactly who he was.
Now, according to statistics, it is him.
I hope and believe that I will beat him.
I believe I am better.
I have to beat him, knowing that there will be a large Bulgarian audience in Los Angeles who will support me.
I can't expose them.
I will do what is necessary so that I can make people happy in this moment.",True
11,11,BG_Box_KubratPulev_vs_DerekChisora_YES,YES,"Пожелавам българите да са с мен и да ми стискат палци. Да ми дават енергия през екраните. Ще направя всичко възможно, за да ги зарадвам.",I wish the Bulgarians to be with me and to shake my thumbs. To give me energy through the screens. I will do my best to make them happy.,True
12,12,BG_Box_KubratPulev_vs_HuiFury_YES,YES,"Важно е да си концентриран и целенасочен в това, което правиш. Когато излезеш на ринга трябва да си балансиран.
Хюи Фюри е сериозен противник.
Той се е приготвил много добре и идва с голям екип.
Негов треньор е баща му.
Смятам, че той е много голяма личност.
Значителна част от публиката ще го подкрепя.
В залата определено ще бъде интересно.
Ще бъде труден мач, в който не се знае кой ще победи.
Подготвен съм здраво и се надявам аз да бъда победителят.
Ще бъде зрелищно шоу, което ще остане в историята, в спомените на всички.
Играя пред родна публика, тежестта е голяма, но аз обичам предизвикателствата и се надявам да се справя с него.
Толкова съм зареден, че нямам търпение да започне боя.
За мен Фюри е просто едно препятствие, което трябва да преодолея.
Безразличен ми е.","It is important to be focused and focused in what you do. When you go out in the ring you have to be balanced.
Huey Fury is a serious opponent.
He is very well prepared and comes with a great team.
His coach is his father.
I think he is a very big person.
A significant part of the audience will support him.
It will definitely be interesting in the hall.
It will be a difficult match in which it is not known who will win.
I am well prepared and I hope to be the winner.
It will be a spectacular show that will remain in history, in everyone's memories.
I play in front of a native audience, the weight is great, but I love the challenges and I hope to cope with it.
I'm so charged that I can't wait for the fight to start.
For me, Fury is just an obstacle I have to overcome.
I don't care.",True
13,13,BG_Box_KubratPulev_vs_KevinDjonson_YES,YES,"Статутът ми на фаворит не ми влияе, почти няма напрежение у мен.
Но боксът е спорт, в който винаги може да има изненада.
Затова с треньора ми говорихме, че в първите рундове трябва да бъда по-предпазлив.
Смятам, че съм добре подготвен, все пак не играем за световна титла.
Подготвях се 2-3 месеца и мога да кажа, че необходимото го направихме.
Не мога да кажа кой е по-добър боксьор - Самюел Питър или Кевин Джонсън.
И двамата са добри, но Джонсън е по-подготвен.","My status as a favorite does not affect me, I have almost no tension.
But boxing is a sport in which there can always be a surprise.
That's why my coach and I talked about the need to be more careful in the first rounds.
I think I'm well prepared, we still don't play for a world title.
I was preparing for 2-3 months and I can say that we did what was necessary.
I can't say who is a better boxer - Samuel Peter or Kevin Johnson.
Both are good, but Johnson is better prepared.",True
14,14,BG_Box_KubratPulev_vs_MorisHaris_YES,YES,"Добър е.
Има мачове и е опитен.
Аз обаче мисля, че не е от моята класа. 
Не трябва да има никакво подценяване, защото все пак е бокс и трябва да играя на 100%.
Видяхте в мача за световната титла, че имаше малко подценяване от световния шампион и веднага се получават неприятни изненади.
Едва ли самият Александър Устинов е очаквал този нокаут.
В нокаута има и малко случайност.
Ще играя моята игра и ще гоня моя стил, за да демонстрирам моите силни страни.
Въпросът е да победя.","Is good.
He has matches and is experienced.
However, I don't think he's in my class.
There should be no underestimation, because it is still boxing and I have to play 100%.
You saw in the match for the world title that there was a little underestimation by the world champion and there were immediate unpleasant surprises.
Alexander Ustinov himself could hardly have expected this knockout.
There is also a bit of coincidence in the knockout.
I will play my game and chase my style to demonstrate my strengths.
The question is to win.",True
15,15,BG_Box_KubratPulev_vs_TonyTompson_YES,YES,"Ами да, радваме се, че нещата вече са официално регламентирани.
Имаше доста проблеми с намирането на съперник, но сега всичко е както трябва и имаме уверението, че победителят действително ще бъде обявен за претендент.
Разбира се, че е хубаво да знаеш, че си само на крачка от мач с Кличко.
Аз обаче не мисля за това в момента, а за предстоящата среща.
Това е най-важното сега - да се концентрирам максимално.
А за мача с Кличко ще говорим, като му дойде времето.
Да, то и в интернет има много мачове.
Гледах го - несъмнено е добър и изключително опитен боксьор.
Въпреки това мисля, че ще го бия.
Не вярвам това да окаже особено влияние.
От друга страна пък, той ще се яви на нашия мач по-обигран, докато аз не съм излизал на ринга от близо година.
Струва ми се, че шансовете са поравно.
Не, напротив.
В момента се чувствам много добре - отпочинал, свеж.
Тренирам добре и се надявам това да си проличи в мача.
Въобще всяко нещо си има предимства и недостатъци.
Аз не съм спирал да тренирам, но в последните седмици вдигнахме значително оборотите.
Сега ми предстоят повече спаринги, като до ден-два трябва да дойдат руснак и американец.
Очаквам да пристигне и българският боксьор Димитър Стоименов, който е с обратен гард като Томпсън.
Мисля, че работата с него ще ми бъде от голяма полза.
Имам и германски спаринг-партньори, с които вече тренираме.
Със сигурност моите най-близки приятели ще бъдат край ринга.
Надявам се да има и още българи в залата.","Well, yes, we are glad that things are already officially regulated.
There were a lot of problems with finding a rival, but now everything is as it should be and we have the confidence that the winner will actually be declared a contender.
Of course, it's good to know that you're just a step away from a match with Klitschko.
However, I am not thinking about this at the moment, but about the upcoming meeting.
This is the most important thing now - to concentrate as much as possible.
And we will talk about the match with Klitschko when the time comes.
Yes, there are many matches on the Internet.
I watched him - he is undoubtedly a good and extremely experienced boxer.
However, I think I will beat him.
I do not believe this will have much effect.
On the other hand, he will appear in our game more played, while I have not been in the ring for almost a year.
It seems to me that the chances are equal.
No, on the contrary.
At the moment I feel very good - rested, fresh.
I train well and I hope this will be evident in the match.
In general, everything has its advantages and disadvantages.
I haven't stopped training, but in recent weeks we have significantly increased our speed.
Now I have more sparring ahead of me, and in a day or two a Russian and an American should come.
I expect the Bulgarian boxer Dimitar Stoimenov to arrive, who has a back guard like Thompson.
I think working with him will be very useful for me.
I also have German sparring partners with whom we already train.
Certainly my closest friends will be by the ring.
I hope there will be more Bulgarians in the hall.",True
16,16,BG_Box_KubratPulev_vs_WladimirKlitschko_NO,NO,"Не мисля, че съм аутсайдер в този двубой.
Много се радвам, когато някой ме подценява.
Това ми дава повече предимство и допълнителна мотивация.
Наблегнах, защото за мен това е важен въпрос.
Смятам, че в спорта правилата трябва да са еднакви за всички, за да бъде честен и истински спорт.
Затова аз искам същите допинг тестове да преминава и Кличко.
Не е коректно претендентът да бъде проверяван по всяко време и на всяко място, а световният шампион да бъде проверяван само и единствено след мача.
Дори децата знаят, че каквото и да е взел, може да се изчисти за мача.
Аз лично, ако съм световен шампион, бих дал такава проба, за да изчистя името си и за да докажа на хората, че съм чист и няма какво да крия.
Мисля, че такава трябва да е реакцията на един истински световен шампион, а не да се крие и измъква по всякакви възможни начини, което определено доказва, че не му е чиста работата и има притеснения.
Кличко се измъква с оправдания, че договорът му е подписан по друг начин.
За да докаже, той можеше да направи допинг проба по собствено желание.
Да не говорим, че на една Олимпиада брат му Витали Кличко е хващан със забранени вещества и е лишаван за известно време от състезателни права.
Специално по тази тема нещата са много прости.
Или се подлага на допинг контрол, както аз и доказва, че наистина е световен шампион, или не се подлага и доказва, че най-вероятно използва забранени стимуланти, на което се дължи дългогодишното му стоене на върха, а не защото е най-добрият.
На мен по-едрите противници до известна степен са ми удобни и се надявам и той да ми е удобен.
Този двубой за мен е мач за световна титла, която е моята мечта.
Подготвям се като за всеки друг противник.
Не ме интересува какъв е като човек.
Не си падам по мъже, а и едва ли някога ще ми е близък приятел.
За мен той е просто противник.
Не мразя никой и нито един мой противник до момента не съм мразил.
Да, със сигурност.
С Божията помощ се чувствам отлично.
Тренировъчният процес върви по план и на 6 септември ще бъда в супер форма.
Ще бъда една боксова машина.
Боксът е спорт, в който никога не можеш да предвидиш нещо на 100%.
Шансовете ни са 50% на 50%.
Мачът ще бъде изключително интересен и аз ще победя.","I don't think I'm an outsider in this match.
I am very happy when someone underestimates me.
This gives me more advantage and additional motivation.
I emphasized because this is an important issue for me.
I believe that in sports the rules must be the same for everyone in order for it to be an honest and real sport.
That's why I want Klitschko to pass the same doping tests.
It is not correct for the contender to be checked at any time and in any place, and for the world champion to be checked only after the match.
Even the kids know that whatever he takes can be cleared for the match.
Personally, if I were a world champion, I would give such a test to clear my name and to prove to people that I am clean and have nothing to hide.
I think that should be the reaction of a real world champion, and not to hide and get away in any possible way, which definitely proves that his job is not clean and he has worries.
Klitschko escapes with excuses that his contract was signed in another way.
To prove it, he could do a doping test of his own accord.
Not to mention that at one Olympics, his brother Vitali Klitschko was caught with banned substances and deprived of competition rights for some time.
Especially on this topic, things are very simple.
Either he is under doping control, as I am proving that he really is a world champion, or he is not being subjected and proving that he is most likely using banned stimulants, which is due to his long standing at the top, not because he is the best .
For me, the bigger opponents are somewhat comfortable and I hope he is comfortable too.
This match for me is a match for a world title, which is my dream.
I prepare like any other opponent.
I don't care what he's like as a person.
I don't like men, and he will hardly ever be a close friend of mine.
To me, he's just an opponent.
I don't hate anyone and I haven't hated any of my opponents so far.
Yes for sure.
With God's help, I feel great.
The training process is going according to plan and on September 6 I will be in great shape.
I will be a boxing machine.
Boxing is a sport in which you can never predict something 100%.
Our chances are 50% to 50%.
The match will be extremely interesting and I will win.",True
17,17,BG_Box_TaysonFury_vs_FranceskoPianeta_YES,YES,"Познавам го, голям и здрав е, бил се е с добри противници.
Държи обратен гард, но досега аз съм нокаутирал всички левичари, които са излезли срещу мен.
Ако Пианета ме бие, ще лазя по целия ринг и ще му целуна краката.","I know him, he is big and strong, he has fought good opponents.
He has a back guard, but so far I have knocked out all the leftists who have come out against me.
If Pianetta beats me, I'll crawl all over the ring and kiss his legs.",True
18,18,BG_Box_TervelPulev_vs_LeonardoBrusseze_YES,YES,"Мачът чука на вратата, подготовката тече усилено.
В момента се намирам в спаринговата седмица, набляга се на спарингите и играта с партньор.
Колкото и добре подготвен да съм кондиционно, ще играя бокс.
Затова съм напълно концентриран.
Утре ми е последният спаринг и мога да кажа, че се чувствам добре.
Според мен е достатъчно опасен противник, има опит и ще се опита да направи най-доборото за себе си.
Със сигурност няма как да бъде подценен човек, който е влязъл в ринга.
Предполагам, че си вярва.
Не би трябвало да бъде подценен един човек, който си вярва.","The match is knocking on the door, the preparation is going hard.
I am currently in the sparring week, the emphasis is on sparring and playing with a partner.
No matter how well prepared I am for fitness, I will play boxing.
That's why I'm completely focused.
Tomorrow is my last sparring and I can say that I feel good.
In my opinion, he is a dangerous enough opponent, he has experience and he will try to do the best for himself.
There is certainly no way to underestimate a person who has entered the ring.
I guess he believes in himself.
A person who trusts himself should not be underestimated.",True
19,19,BG_Box_WladimirKlichko_vs_AnthonyDjoshua_NO,NO,"Мога да ви обещая много неща, но истината е, че никой не знае какво ще стане.
Джошуа е млад и силен, а аз съм много по-опитен.
Готвя се за мача и не си давам и минута почивка.
Искам да съм в топ форма.
Да седна на дивана с бира в ръка?
Никога няма да ме видите така.","I can promise you many things, but the truth is that no one knows what will happen.
Joshua is young and strong, and I am much more experienced.
I am preparing for the match and I do not give myself a minute of rest.
I want to be in top shape.
Sit on the couch with a beer in hand?
You will never see me like that.",True
20,20,BG_Box_WladimirKlitschko_vs_KubratPulev_YES,YES,"Тренировъчният лагер почти беше свършил, оставаше ми само още една седмица спаринги.
Когато се качих на ринга, забелязах, че нещо не е наред.
След това се опитах да тренирам в следващите два дни, но ставаше все по-зле и по-зле.
Без да навлизам в детайли, това беше контузия в бицепса.
С такава травма за съжаление нямаше как да се боксирам.
След допълнителни изследвания се разбра, че трябва да имам 4-5 седмици почивка.
Такива неща стават в спорта.
Виждал съм го много пъти.
И при други боксьори това се случва доста често.
Не е нещо, което можеш да контролираш.
Просто става.
Ние сме в спорт, в който се раздаваш максимално, за да влезеш в най-добрата възможна форма.
Такива случайни неща винаги може да се случат на един спортист.
Лошо е не само за мен, но и за опонента ми, който също е бил в период на подготовка.
За щастие само отложихме за известно време мача, но виждам и позитивни неща.
След това нещо Кубрат Пулев – както сам каза и той – имаше повече време да се подготви, а това означава, че ще бъде в по-добра форма за мача, отколкото щеше да е през септември.
Считам, че с представянето си Пулев ще се хареса на публиката.
Четири седмици се възстановявах и контузията отшумя.
Не може да излезеш от форма за 4 седмици.
След това бавно започнах пак да тренирам.
Да, беше малко къса подготовка, но вярвам, че съм се справил много, много добре.
Подготовката този път беше 6 седмици, малко по-къса от предишната.
Но целта беше да не се получи претрениране.
Най-лошото нещо в спорта е да прекалиш с тренировките.
Не, здрав съм 100%, докторите ме увериха.
Не съм имал такива мисли и винаги се раздавам напълно.
Направихме същата програма в подготовката, каквато беше и преди.
Правя това, с което ще спечеля мача.
Сега съм добре, здрав съм и мога да пусна юмруците си да летят на 15 ноември.
В първата фаза имах от 8 до 10 спаринг партньори, които идваха и си отиваха.
Гост ми беше и олимпийският шампион Антъни Джошуа.
Бях впечатлен от него.
Той искаше да се учи много и показа добра форма на ринга.
Кевин Джонсън също беше на лагера.
Готвя се за съперник, който преди всичко е много самоуверен.
Вярвам, че той не е добил толкова голям опит, но има огромно желание.
Още на пресконференцията през юни показа голяма самоувереност.
Той не мисли за възможна загуба, мисли само за победата.
В ранглистите той е на високи позиции, бил се е с хора, които са по-високи и от мен – като Димитренко, Устинов и други.
Представя се добре.
Често приключва мачовете преди края.
Пулев има и добра кариера като аматьор, и като професионалист.
Той няма загубен мач на профи ринга.
Той наистина няма никакъв страх или притеснения.
Той не знае какво е това и никога не го е изпитвал.
Има добра техника, много добър прав удар.
Пази дистанцията добре, трудно е да го стигнеш.
Така стана на мача му с Травис Уокър – той не загуби линията си, вървеше по своя път и в края беше победител.
Вярвам, че той знае, че не трябва да подценява шампиона.
Предполагам каква тактика е измислил треньорът му, който е много опитен и има много прилики с моя бивш треньор Фриц Здунек.
Мисля, че с отлагането на мача те са имали още повече време да ме анализират и да подготвят по-добре стратегиите си срещу мен.
Вълнувам се да видя какво ще стане на ринга.
Не мога да обещая прекалено много.
Аз ще направя това, което мога.
Ако мачът свърши бързо, така да бъде.
Ако продължи повече - също.
Важното е да продължа да защитавам титлата си и да остана успешно на ринга.
Всичко, което изредихте.
Пасва му.
Има някакви неща при него, психически не е много стегнат, както казват тук, в Германия.
Заради държанието си и действията си той не влиза в рамка.
В началото мислех, че е забавно.
Но последните му изпълнения не са много забавни.
Последният му клип не показва истината.
Той мина с лодка покрай мен, момчетата му ме снимаха.
Знаех, че ще има провокация.
Но не беше забавно, когато паднах във водата.
Беше опасно.
Той беше на моторна лодка, а аз във водата.
Не бяхме при равни условия.
Да, това минава границата, удар под пояса е.
Мислех да подам официална жалба, защото някои неща не трябва да са позволени.
Можеше бързо да свърши с трагичен край.
Да, в началото беше забавно, но след това не е.
Той иска да привлече внимание, като напада шампиона.
Хареса ми как се представи срещу Виталий – с разкъсването на фланелката и цялото шоу, което направи.
Не разбирам какво му се е случило.
По едно време се заговори, че всичко това е режисирано.
Но ако е така, щях да взема и брат ми, той е добър актьор, щяхме да нагласим нещо.
Не мога да говоря за него, но от това, което говори, излиза, че той ще се появи.
Той знае точно къде съм и кога ще съм там.
Но не ми е проблем, мисля само за мача.
Научил съм се, че трябва да имаш търпение.
С времето всеки си получава заслуженото.
Някои хора вървят в една посока, от която аз се връщам.
С времето е имало много боксьори, които бяха сбъркали.
Дерек Чизора например имаше същите психически проблеми като Бригс, удари шамар на брат ми.
Откачи на пресконференция, хвърли бутилка по Дейвид Хей, а в следващия мач беше нокаутиран.
Има един израз ""Съдбата е кучка"" – всеки получава заслуженото си и същото важи за бокса.
Търпелив съм с него, може да му предложа мач, ако продължава да се развива на ринга.
Виждам, че вече е в топ 10, има титла на Северна Америка.
Така че може и да стигне до позиция, в която да излезе срещу мен.
Може и да реша да се срещнем.","The training camp was almost over, I only had one more week of sparring left.
When I got in the ring, I noticed that something was wrong.
Then I tried to train for the next two days, but it got worse and worse.
Without going into details, it was a biceps injury.
With such an injury, unfortunately, I could not box.
After further research it became clear that I should have 4-5 weeks off.
Such things happen in sports.
I have seen him many times.
And with other boxers, this happens quite often.
It's not something you can control.
It just happens.
We are in a sport in which you give your best to get in the best possible shape.
Such accidental things can always happen to an athlete.
It is bad not only for me, but also for my opponent, who was also in a period of preparation.
Fortunately, we only postponed the match for a while, but I see positive things as well.
After that, Kubrat Pulev - as he himself said - had more time to prepare, which means that he will be in better shape for the match than he would have been in September.
I think that the audience will like Pulev with his performance.
I was recovering for four weeks and the injury subsided.
You can't get out of shape in 4 weeks.
Then I slowly started training again.
Yes, it was a bit of a short preparation, but I believe I did very, very well.
The preparation this time was 6 weeks, a little shorter than the previous one.
But the goal was to avoid overtraining.
The worst thing in sports is to overtrain.
No, I am 100% healthy, the doctors assured me.
I have not had such thoughts and I always give myself completely.
We did the same program in preparation as before.
I do what I will win the match with.
I'm fine now, I'm healthy and I can let my fists fly on November 15th.
In the first phase I had 8 to 10 sparring partners who came and went.
My guest was also the Olympic champion Anthony Joshua.
I was impressed with him.
He wanted to learn a lot and showed good form in the ring.
Kevin Johnson was also at the camp.
I am preparing for a rival who is, above all, very self-confident.
I believe that he has not gained so much experience, but he has a great desire.
Already at the press conference in June he showed great self-confidence.
He does not think of a possible loss, he only thinks of victory.
In the rankings he is in high positions, he has fought with people who are taller than me - like Dimitrenko, Ustinov and others.
It performs well.
Matches often end before the end.
Pulev has a good career as an amateur and as a professional.
He has not lost a pro match in the ring.
He really has no fears or worries.
He does not know what it is and has never experienced it.
He has good technique, very good straight shot.
Keep the distance well, it's hard to reach.
That's what happened in his match with Travis Walker - he didn't lose his line, he went his own way and in the end he was the winner.
I believe he knows he should not underestimate the champion.
I guess what tactics his coach came up with, who is very experienced and has a lot in common with my former coach Fritz Zdunek.
I think that by postponing the match, they had even more time to analyze me and better prepare their strategies against me.
I'm excited to see what happens in the ring.
I can't promise too much.
I will do what I can.
If the match ends quickly, so be it.
If it lasts longer - too.
The important thing is to continue to defend my title and stay successful in the ring.
Everything you listed.
It fits him.
There are some things with him, he is not very mentally tight, as they say here in Germany.
Because of his behavior and actions, he does not fit into the frame.
At first I thought it was fun.
But his latest performances are not very funny.
His latest video does not show the truth.
He took a boat past me, his boys taking pictures of me.
I knew there would be a provocation.
But it wasn't fun when I fell into the water.
It was dangerous.
He was on a motorboat and I was in the water.
We were not on equal terms.
Yes, this crosses the border, it's a blow below the belt.
I was thinking of filing a formal complaint because some things should not be allowed.
It could quickly end in tragedy.
Yeah Al that sounds pretty crap to me, Looks like it aint for me either.
He wants to attract attention by attacking the champion.
I liked how he performed against Vitaly - with the tear of his shirt and the whole show he did.
I don't understand what happened to him.
At one time it was rumored that all this was directed.
But if that's the case, I'd take my brother too, he's a good actor, we'd set something up.
I can't talk about him, but from what he says, it turns out that he will appear.
He knows exactly where I am and when I will be there.
But I don't have a problem, I only think about the match.
I learned that you have to be patient.
Over time, everyone gets what they deserve.
Some people go in one direction from which I return.
Over time, there were many boxers who were wrong.
Derek Chizora, for example, had the same mental health problems as Briggs, slapping my brother.
He freaked out at a press conference, threw a bottle at David Haye, and was knocked out the next game.
There is an expression ""Fate is a bitch"" - everyone gets what they deserve and the same goes for boxing.
I am patient with him, I can offer him a match if he continues to develop in the ring.
I see that he is already in the top 10, he has a North American title.
So he may end up in a position to come out against me.
Maybe I decide to meet.


",False
21,21,BG_MMA_AnitaDoganova_vs_AleksandraToncheva_NO,NO,"С децата съм по-скоро приятел, отколкото строг авторитет.
Ако не споделяш тяхното пламъче и не трептите на една забавна честота, няма как да имате диалог и да се случат нещата.
Смесените бойни изкуства са комплексен спорт и изискват изключително много работа във всеки един аспект на играта - в стойка, на земя.
За да си добър, трябват упоритост и постоянство.
В България е много трудно за жените да се развиват в този спорт, просто защото сме прекалено малко.
Единственият ни шанс е да търсим изяви в чужбина, но повечето чужди вериги те търсят една или две седмици преди самата среща и е много трудно за такъв кратък период да ""влезеш"" в активна състезателна форма.
Срещата на 2 август няма да е никак лесна и подготовката върви отлично - с тренировки по два пъти на ден, кръгови тренировки, крос, спринтове, спаринги.
Работим върху изградена стратегия срещу съперника.","I am friends with children rather than strict authority.
If you don't share their flame and don't flicker on a fun frequency, you can't have a dialogue and things will happen.
Mixed martial arts are a complex sport and require a lot of work in every aspect of the game - standing, on the ground.
To be good, you need perseverance and perseverance.
In Bulgaria it is very difficult for women to develop in this sport, simply because we are too few.
Our only chance is to look for appearances abroad, but most foreign chains are looking for them one or two weeks before the match and it is very difficult for such a short period to ""get"" into active racing form.
The meeting on August 2 will not be easy and the preparation is going great - with training twice a day, circuit training, cross country, sprints, sparring.
We are working on a strategy against the opponent.",True
22,22,BG_MMA_BlagoiIvanov_vs_BenRotuel_YES,YES,"Чувствам се добре.
Подготвен съм отлично за този мач, а и най-важното – здрав съм.
Очакванията ми са, че ще успя да победя и да постигна своя първи триумф в най-голямата организация за смесени бойни изкуства – UFC.
Това, което мога да кажа за Бен Ротуел е, че той е един от най-опитните бойци в тежка категория на UFC.
Състезава се в организацията от близо 10 години.
Има победи над наистина доста сериозни имена – надделявал е над легендата Марк Хънт, нокаутирал е Алистър Овърийм.
Освен сериозния опит, той е здрав физически, умее да заключва съперниците си по най-различни начини и сменя три гарда по време на бой.
Големият минус за него сега е, че не се е качвал на октагона от почти 3 години и мисля, че това ще наклони нещата в моя полза.","I feel good.
I am well prepared for this match, and most importantly - I am healthy.
My expectations are that I will be able to win and achieve my first triumph in the largest mixed martial arts organization - the UFC.
What I can say about Ben Rottwell is that he is one of the most experienced fighters in the UFC heavyweight division.
He has been competing in the organization for almost 10 years.
He has victories over really quite serious names - he has defeated the legend Mark Hunt, he has knocked out Alistair Overim.
In addition to serious experience, he is physically healthy, able to lock his opponents in various ways and change three guards during combat.
The big downside for him now is that he hasn't climbed the octagon in almost 3 years and I think that will tip things in my favor.",True
23,23,BG_MMA_DanielZlatkov_vs_AtanasMihaylov_YES,YES,"Преди два дни имах неприятен инцидент на автомагистрала “Струма”.
Имам честта да се готвя с най-добрия треньор, благодаря за помощта на другите момчета, които ми помагат в тренировките.
Дори във футбола никога не съм подценявал съперника, така ще е и в събота, макар че ми се искаше малко по-корав съперник да имам.
Ако загубя от Наско в събота, самочувствието ми и самият аз ще се срина.
Аз вярвам в себе си и вярвам, че ще мога да победя.
Не го подценявам в никакъв случай.","Two days ago I had an unpleasant accident on the Struma highway.
I have the honor to train with the best coach, thanks for the help of the other guys who help me in training.
Even in football I have never underestimated the opponent, so it will be on Saturday, although I wanted to have a slightly tougher opponent.
If I lose to Nasko on Saturday, my self-esteem will collapse.
I believe in myself and I believe that I will be able to win.
I do not underestimate it in any way.",True
24,24,BG_MMA_DeyanTopalski_vs_MuslimSalihov_NO,NO,"Здравейте.
Тук е момента да благодаря на господин Любен Джубрилов за личното му ангажиране при уреждането на този двубой.
Благодарение на него и промоутърска компания MAXFIGHT се случиха нещата.
Да, мисля ,че вече съм на 100%.
Много време ми отне възстановителният процес, но за щастие всичко е зад мен.
Тренирaм на максимум вече месец и половина и нямам оплаквания.
Да, гледах поне 10-15 мача на Салихов и смея да твърдя ,че съм наясно със стилът му.
Много е рязък в стойка.
Изчаква и не е темповак, но е много точен и няма едно излишно движение.
Мисля, че като стил много си приличаме и ще е тактическа битка.
Подготвям му няколко изненадки!
Вече карам трети подготвителен лагер.
Първо помагах на Александър Георгиев в подготовката му за Максфайт 30 , след това на Никола Дипчиков за мачът му в Cage Of Glory 3 и сега тренирам за моят мач!
Общо взето нямах много време от предложението до датата на двубоят, но аз така и така съм в подготовка с момчетата, така че не се замислих изобщо.
Тренирам с моят треньор Пепи Стоичков, с Никола Дипчиков, Александър Георгиев, Янко Борисов, Цецо Нинов и др.
Ходя и при Венци Иванов в неговият боксов клуб Winner.
Противникът ми е 4 пъти световен шампион по Сан Да, но мисля да му се противопоставя точно там – в стойка!
Имам предимство в дължината на крайниците и мисля ,че трябва да се възползвам от това оръжие.
Не ме плаши никак.
Смея да твърдя, че имам една много добра защита от събаряния и дори предпочитам да се бия с граплери, защото така са много предвидими за мен, а и моят стил е доста неудобен за тях.
Вълнува се!
Помага ми с всичко с което може – най вече с приготвянето на правилната за мен храна, което много ме облекчава.
До този етап да.
Мисля,че бъдещето е известно само на Бог, така че за напред ще видим какво ще стане.
Тренирам двуразово.
Няма да ходя на работа до мачът, за което съм много благодарен на моят началник!
Ставам, кафе и тренировка – това е началото на деня.
После се прибирам и почивам.
Следва втора тренировка след която имам сили само да се прибера вкъщи, да се нахраня и да загубя съзнание в леглото.
Неделя е ден за почивка, масаж и кино.
Гледам реално на нещата.
Не се изхвърлям.
Сега пред мен е само и единствено целта М1.
Ставам и лягам с тази мисъл.
М1 е една от топ 4 организации в световен мащаб, така че мисля, че на този етап трябва да закова тази цел.
После ще му мисля накъде!
По свeта да, в България не!
Тук хората ни мислят за квартални биячи и дебили.
Масово.
Сигурно и ние имаме вина за това.
Аз вече се отказах да се опитвам да се доказвам на хората тук.
Опитвам се да не чета и да не мисля за коментарите на обществото тук.
Шансът за доказване е навън!
Това не значи, че няма да се бия в MAXFIGHT.
Напротив, ще продължа с пълни сили.
Искам колана на тази организация.
Не!
Определено.
Много е трудно в това отношение.
Турнирите на MAXFIGHT се излъчват по национални телевизии.
Аз не мога да разбере как бизнеса не вижда потенциален шанс за реклама в нас бойците.
За турнирите в чужбина от своя страна е направо невъзможно!
На хората не им пука явно, че ще представляваш страната някъде.
За въпросният мач имам сериозен руски спонсор, огромна финансова институция,която ще застане зад мен.
Имах нужда от 3 дни за да се сдобия с подобен спонсор в Русия, макар, че не съм руснак.
Там хората мислят по съвсем различен начин.
Има уважение към боеца, без значение побеждава или губи.
Там смея да твърдя ни имат за истински атлети и дори нещо повече.
Тук всеки мисли как да те ползва...евтино!
Няма боец с който да не искам да се бия, като изключим момчетата от близкото ми обкръжение!
Пожелавам Ви да сте здрави!
Може да е клише, но след последната контузия мога да кажа, че сега го разбирам много по добре!","Hello.
It is time to thank Mr. Lyuben Dzhubrilov for his personal commitment in arranging this match.
Thanks to him and the promotion company MAXFIGHT, things happened.
Yes, I think I'm 100% already.
The recovery process took me a long time, but fortunately everything is behind me.
I have been training at a maximum for a month and a half now and I have no complaints.
Yes, I watched at least 10-15 matches of Salihov and I dare say that I am aware of his style.
It is very sharp in stance.
It waits and is not fast, but it is very accurate and there is no unnecessary movement.
I think we are very similar in style and it will be a tactical battle.
I am preparing some surprises for him!
I am already driving a third training camp.
First I helped Alexander Georgiev in his preparation for Maxfight 30, then Nikola Dipchikov for his match in Cage Of Glory 3 and now I train for my match!
In general, I didn't have much time from the proposal to the date of the match, but I'm in preparation with the boys anyway, so I didn't think about it at all.
I train with my coach Pepi Stoichkov, with Nikola Dipchikov, Alexander Georgiev, Yanko Borisov, Tseco Ninov and others.
I also go to Ventzi Ivanov in his boxing club Winner.
My opponent is a 4-time world champion in San Da, but I think I will oppose him right there - in a stand!
I have a limb length advantage and I think I should take advantage of this weapon.
It doesn't scare me at all.
I dare say that I have a very good protection against demolition and I even prefer to fight with grapples, because they are very predictable for me, and my style is quite uncomfortable for them.
He's excited!
He helps me with everything he can - especially with preparing the right food for me, which makes me very relieved.
Up to this point yes.
I think the future is known only to God, so we'll see what happens next.
I train twice.
I will not go to work until the match, for which I am very grateful to my boss!
I get up, coffee and a workout - this is the beginning of the day.
Then I go home and rest.
A second workout follows, after which I only have the strength to go home, eat and lose consciousness in bed.
Sunday is a day for rest, massage and cinema.
I look at things realistically.
I don't throw myself away.
Now I have only the M1 goal in front of me.
I get up and go to bed with that thought.
M1 is one of the top 4 organizations in the world, so I think at this stage I need to nail this goal.
Then I'll think of him!
Yes, in the world, no!
Here, people think of us as neighborhood thugs and morons.
Massively.
We must be to blame for that.
I have already given up trying to prove myself to the people here.
I try not to read or think about the public comments here.
The chance to prove it is out!
That doesn't mean I won't fight in MAXFIGHT.
On the contrary, I will continue with full force.
I want the belt of this organization.
No!
Definitely.
It is very difficult in this regard.
MAXFIGHT tournaments are broadcast on national television.
I can't understand how business doesn't see a potential chance for advertising in us fighters.
For tournaments abroad, on the other hand, it is impossible!
People obviously don't care that you will represent the country somewhere.
For the match in question, I have a serious Russian sponsor, a huge financial institution that will stand behind me.
It took me 3 days to get a similar sponsor in Russia, although I am not Russian.
There, people think very differently.
There is respect for the fighter, no matter he wins or loses.
There I dare say they have us as real athletes and even more.
Here everyone thinks how to use you ... cheap!
There is no fighter I don't want to fight, except for the boys from my close circle!
I wish you health!
It may be a cliché, but after the last injury I can say that now I understand it much better!
",False
25,25,BG_MMA_SvetlozarSavov_vs_PiotrStrus_NO,NO,"Щастлив съм, че мога да участвам в такава голяма организация като АСА, но вълнението ми остава същото като преди всяка друга борба.
Според мен преценката им се дължи на факта, че Струс  е на домакинска земя.
Но в клетката ще бъдем само той и аз.
Съдиите и борбата между нас.
Нещо повече, в този вид спорт един удар може да реши всичко и е много трудно да се определи предварително кой ще бъде победителят, което означава, че не може да се определи кой е фаворит и кой не.
Ние имаме еднакъв опит в смесените бойни изкуства и почти идентични физически параметри.
Така че не ме смущават опциите, както и миналото.
Напоследък по-често се бие като гост, а не като домакин, така че за мен няма значение.
Мисля, че Струс със сигурност е силен противник, но не и непобедим.
Искам да го докажа в битката.
Тренировките ми преди срещата вървят добре и сега се чувствам страхотно.
Ако има и други предложения от АСА, ще продължа да играя в тази лига.
Но възнамерявам да развивам кариерата си и в други вериги.
Времето ще покаже.","I am happy to be able to participate in such a large organization as ASA, but my excitement remains the same as before any other struggle.
In my opinion, their assessment is due to the fact that Strus is on home soil.
But only he and I will be in the cage.
The judges and the struggle between us.
Moreover, in this sport, one stroke can solve everything and it is very difficult to determine in advance who will be the winner, which means that it is not possible to determine who is the favorite and who is not.
We have the same experience in mixed martial arts and almost identical physical parameters.
So I'm not bothered by the options, as well as the past.
Lately, he fights more often as a guest than as a host, so it doesn't matter to me.
I think Strus is certainly a strong opponent, but not invincible.
I want to prove it in battle.
My training before the match is going well and now I feel great.
If there are other offers from ASA, I will continue to play in this league.
But I intend to develop my career in other chains as well.
Time will tell.",True
26,26,BG_Tennis_AndyMury_vs_GrigorDimitrov_YES,YES,"И на най-великите тенисисти в света се случва да имат по няколко лоши мача в годината.
Лошото беше, че всичко това стана на ""Уимбълдън"", но може да се случи на всеки в индивидуалните спортове.
Сега обаче не очаквам да има такъв спад в играта ми.
Спокоен съм, уверен съм в качествата си, всичко е наред и просто няма причина, поради която да съм притеснен преди този мач.
В следващите няколко дни всичко ще е наред с мен.","And the greatest tennis players in the world happen to have several bad games a year.
The bad thing was that it all happened at Wimbledon, but it can happen to anyone in individual sports.
Now, however, I do not expect such a decline in my game.
I am calm, I am confident in my qualities, everything is fine and there is simply no reason to be worried before this match.
In the next few days, everything will be fine with me.",True
27,27,BG_Tennis_CvetanaPironkova_vs_CarolineWozniacki_NO,NO,"В момента се чувствам във форма.
Натрупах мачове, победи и - съвсем естествено – самочувствие.
Успешното ми представяне в Съединените щати може би се дължи и на факта, че през тази година участвам на по-малко турнири.
Така мога да отделям повече време за подготовка.
Чудесно е, че родителите ми с мен.
Винаги, когато имам подкрепа от тях се чувствам по-добре и по-мотивирана на корта.
Освен това в Лос Анджелис се видяхме със сестра ми Елисавета, така че си стана истинско семейно събиране.
Познавам добре играта на Каролине.
Да, играли сме два пъти и имам две загуби от нея.
Но това беше доста отдавна.
Както се казва, нов мач – нов късмет!
Надявам се да се получи интересен двубой.
Аз ще дам всичко от себе си за успех в него!","I feel in shape right now.
I gained matches, victories and - quite naturally - self-confidence.
My successful performance in the United States may be due to the fact that I am participating in fewer tournaments this year.
This way I can spend more time preparing.
It's great that my parents are with me.
Whenever I have support from them, I feel better and more motivated on the court.
In addition, my sister Elisaveta and I met in Los Angeles, so it was a real family reunion.
I know Caroline's game well.
Yes, we played twice and I have two losses from it.
But that was a long time ago.
As they say, a new match - new luck!
I hope to have an interesting match.
I will do my best for success in it!",True
28,28,BG_Tennis_DavidGofen_vs_GrigorDimitrov_NO,NO,"С Григор напоследък играем често един срещу друг и тренираме заедно, особено на клей.
Познаваме се добре, той винаги е много тежък съперник.
Той е много добре физически.
Движи се много добре по корта.
За мен е много трудно да надделея.
На клей мисля, че досега не сме играли.
Ще бъде за първи мач.
Това е четвъртфинал, каквото и да стане, ще трябва после да играем на двойки заедно и няма да има проблем.","Recently, Grigor and I often play against each other and train together, especially on clay.
We know each other well, he is always a very tough opponent.
He is very well physically.
Moves very well on the court.
It is very difficult for me to overcome.
On clay, I don't think we've played before.
It will be for the first match.
This is a quarterfinal, whatever happens, we will then have to play in pairs together and there will be no problem.",True
29,29,BG_Tennis_DominicThiem_vs_GrigorDimitrov_NO,NO,"Ще бъде забавно в понеделник.
Той направи страхотен сезон.
Това е единственият начин да се класираш тук.
На 100% заслужи мястото си.
Съсредоточен съм върху първия ни мач.
Да си новак в такъв турнир, те поставя под огромно напрежение.
Последен се класирах в състезание с толкова звезди.
Сега е много различно, достигнах като №4.
Смятам, че ще се представя по-добре.","It will be fun on Monday.
He had a great season.
This is the only way to qualify here.
He 100% deserved his place.
I am focused on our first match.
Being a rookie in such a tournament puts you under a lot of pressure.
Last I qualified in a competition with so many stars.
It's very different now, I reached №4.
I think I will perform better.",True
30,30,BG_Tennis_FabioFonini_vs_GrigorDimitrov_YES,YES,"В Монте Карло изиграх добър мач срещу Димитров, а в Мадрид бях съвсем близо до победата.
Знам какво да направя, за да го победя и макар че миналата седмица не успях, се надявам третият път да ми е на късмет.
Българинът е страхотен талант, който може да играе добре на всяка повърхност, и трябва да се представя на възможно най-високо ниво, за да стигна до победата.
Мисля, че имам всичко необходимо, за да го направя, но ще разчитам много на публиката в Рим, защото тя е страхотна и ще ме подкрепя.","In Monte Carlo I played a good match against Dimitrov, and in Madrid I was very close to victory.
I know what to do to beat him, and although I failed last week, I hope to be lucky for the third time.
The Bulgarian is a great talent who can play well on any surface, and he must perform at the highest possible level to reach victory.
I think I have everything I need to do it, but I will rely a lot on the audience in Rome, because it is great and they will support me.",True
31,31,BG_Tennis_GrigorDimitrov_vs_DavidGofen_YES,YES,"Това е нещо голямо не само за мен, а за цяла България – моята родина.
Невероятно е да мога да покажа, че всичко е възможно.
Прескачаш граници, без да има значение откъде си дошъл.
Всичко зависи единствено от теб и всичко е в ръцете ти.
Хората трябва да разберат, че когато си поставиш нещо за цел в съзнанието и всекидневно работиш здраво здраво за него и прескачаш тези граници, лимитът ти е само небето.
Можеш да мечтаеш всеки ден.
Давид направи изключителен край на сезона, в който разчиташе на огромно самочувствие и инерция.","This is something big not only for me, but for the whole of Bulgaria - my homeland.
It is amazing to be able to show that anything is possible.
You cross boundaries no matter where you come from.
Everything depends only on you and everything is in your hands.
People need to understand that when you set a goal in your mind and work hard for it every day and cross those boundaries, your limit is only the sky.
You can dream every day.
David made an exceptional end to the season, in which he relied on great self-confidence and inertia.",True
32,32,BG_Tennis_GrigorDimitrov_vs_GaelMontfis_YES,YES,"Имах добри мачове, но и пропуснах възможности.
Не бях тренирал много добре няколко месеца.
Имах разколебавания с отбора и бях разконцентриран.
Нямах тази подготовка да завърша добре.
На последните няколко турнира играх добре и съм доволен от това.
Важно бе, че сезонът премина без контузии.
Последните седмици тренирам.
Всеки си върши работата в екипа ми, но ни рбява време да се нагодим към обстановката.
Никога не съм искал да бързам с избора на треньор.
Трябваше да си дам време.
Няколко пъти се срещахме с Франко, за да поговорим за начина на игра и решихме да опитаме.
Усетих след първите няколко дни, че той е добър избор за мен - не само като треньор, но той е и добър човек.
Гледам дългосрочно на сътрудничеството ни.
За момента всичко върви по план.
Имах много изисквания към треньора.
Да се надяваме да е последният, който трябва да избирам.
Имах проблеми и с ракетата - не искам това да звучи като извинение.
Не съжалявам за нито едно от решенията, които съм взел.
Поемам отговорност за всичко, което съм направил.
Един ден си 8-и, на другия ден си 28-и.
Това е добър урок за мен.
Работим върху няколко елемента - сервис, ретур.
Трябва още работа.
Има тънкости в играта, но трябва време.
Нещата не се получават изведнъж.
Ракетата ми е готова на 98%.
След седмица окончателно ще довърша всичко с нея.
Вълнувам се много.
Свикнал съм като цяло с нея, но й трябват още мачове.
Всички хора, които ще дойдат в залата, са много важни за мен.
Семейството ми, фондацията на Димитър Бербатов.
Бях един от първите наградени и не мога да забравя това.
Искам да дам нещо обратно.
Искам да благодаря на тях.
Целта не е само да правим шоу, а да изиграем един добър мач.
Винаги съм искал да играя в България пред родна публика.
Много се вълнувам.
Все пак искам да има някой, който да допринесе за самата атмосфера.
Познаваме се, той има добър арсенал от ""hot-shots"".
Надяваме се всички да бъдете с нас там.
Гаел е много колоритен играч.
Сервира добре, движи се добре по корта.
Играхме един мач преди време и той ми каза: ""Ти знаеш как играя. Опитвам се да шашкам всички в първите няколко гейма, после само вкарвам топката"".
Срещу него се играе трудно на ""Ролан Гарос"" - все едно се изправяш срещу цялата страна.","I had good matches, but I also missed opportunities.
I hadn't trained very well in a few months.
I had hesitations with the team and I was distracted.
I did not have this preparation to finish well.
I've played well in the last few tournaments and I'm happy with that.
It was important that the season passed without injuries.
I've been training for the last few weeks.
Everyone does their job in my team, but we need time to adjust to the situation.
I never wanted to rush to choose a coach.
I had to give myself time.
We met with Franco several times to talk about how to play and we decided to give it a try.
I felt after the first few days that he was a good choice for me - not only as a coach, but he is also a good person.
I look at our cooperation for a long time.
For now, everything is going according to plan.
I had a lot of requirements for the coach.
Let's hope it's the last one I have to choose.
I also had problems with the rocket - I don't want that to sound like an excuse.
I do not regret any of the decisions I have made.
I take responsibility for everything I have done.
One day you are 8th, the next day you are 28th.
This is a good lesson for me.
We are working on several elements - service, return.
More work is needed.
There are subtleties in the game, but it takes time.
Things don't happen all of a sudden.
My rocket is 98% ready.
In a week I will finally finish everything with her.
I'm very excited.
I'm used to her in general, but she needs more matches.
All the people who will come to the hall are very important to me.
My family, the Dimitar Berbatov Foundation.
I was one of the first winners and I can't forget that.
I want to give something back.
I want to thank them.
The goal is not just to make a show, but to play a good match.
I have always wanted to play in Bulgaria in front of a native audience.
Very excited.
However, I want to have someone who contributes to the atmosphere itself.
We know each other, he has a good arsenal of ""hot-shots"".
We hope you all be there with us.
Gael is a very colorful player.
Serves well, moves well on the court.
We played a game some time ago and he told me, ""You know how I play. I try to beat everyone in the first few games, then I just score the ball.""
It's hard to play against him at Roland Garros - it's like facing the whole country.",True
33,33,BG_Tennis_GrigorDimitrov_vs_Jerzy Janowicz_YES,YES,"Вълнувам се.
Очаквам да изляза пред родна публика и всичко да мине по план.
Да изляза победител.
В момента съм фокусиран върху играта си.
Искам да се насладя на играта си вкъщи, пред родна публика и да използвам всеки един момент.","I am excited.
I expect to go out in front of a native audience and everything will go according to plan.
To emerge victorious.
I am currently focused on my game.
I want to enjoy my game at home, in front of a home audience and use every moment.",True
34,34,BG_Tennis_GrigorDimitrov_vs_MarcosBagdatis_YES,YES,"Познавам го много добре.
Играли сме няколко пъти преди това.
Багдатис може да бъде сериозен съперник.
Играта му е много стабилна и постоянна.
Движи се много добре на корта и почти не се отказва.
Гледах мача му с Гофен.
Игра наистина добре.","I know him very well.
We've played a few times before.
Baghdatis can be a serious opponent.
His game is very stable and constant.
He moves very well on the court and almost does not give up.
I watched his match with Goffen.
Game really good.",True
35,35,BG_Tennis_GrigorDimitrov_vs_NikolasBasilashvili_YES,YES,"Трябва да очаквам всичко.
Нямам право да го подценявам.
Гледам да се концентрирам върху играта си.
Мисля, че началото на мача е много важно.","I have to expect everything.
I have no right to underestimate it.
I try to concentrate on my game.
I think the start of the match is very important.",True
36,36,BG_Tennis_GrigorDimitrov_vs_RogerFederer_NO,NO,"Не мога да преценя дали в началото на мача Дуди Села беше контузен.
Опитах се да бъда напълно концентриран и да покажа моята игра.
След първия сет се чувствах много уверен и следвах плана си.
След това Села повика физиотерапевта, а аз просто трябваше да продължа да играя по същия начин както в първия сет.
Федерер е велик играч на трева.
Роджър се е доказал на „Уимбълдън“ повече от веднъж или два пъти.
Всички знаем какво да очакваме от него.
Нека видим кой ще спечели и след това ще мисля за това, което ми предстои.
Честно казано, чувството да премина през първата седмица на „Уимбълдън“ е специално и ме кара да се усмихвам.
Да си във втората седмица на турнир от Големия шлем - това е едно малко постижение за всеки играч.
Оценявам го, но далеч не съм си свършил работата тук.","I can't judge whether Dudi Sela was injured at the beginning of the match.
I tried to be completely focused and show my game.
After the first set I felt very confident and followed my plan.
Then Sella called the physiotherapist, and I just had to keep playing the same way as in the first set.
Federer is a great grass player.
Roger has proven himself at Wimbledon more than once or twice.
We all know what to expect from him.
Let's see who wins and then I will think about what lies ahead.
Honestly, the feeling of going through the first week of Wimbledon is special and makes me smile.
Being in the second week of a Grand Slam tournament is a small achievement for any player.
I appreciate it, but I'm far from done.",True
37,37,BG_Tennis_GrigorDimitrov_vs_StanWawrinka_NO,NO,"Сега оценявам и се радвам на всяка една победа, която постигна.
Наистина не ме интересува срещу кого се изправям, просто искам да побеждавам.
Все пак съм играл срещу всеки от елита.
Сега срещу Стан ще е един много, много важен мач за мен.
Така ще е, защото имах много проблеми през последните два-три месеца.
Трябва да се отбележи, че рамото ми не беше добре, не е добре.
Много неща се промениха за мен.
Да, сега получавам един свеж полъх с тези победи.
Така че те ме карат да се чувствам прекрасно и да гледам с увереност напред.","Now I appreciate and rejoice in every victory you have achieved.
I really don't care who I face, I just want to win.
After all, I played against everyone in the elite.
Now against Stan will be a very, very important match for me.
This will be because I have had a lot of problems in the last two or three months.
It should be noted that my shoulder was not good, not good.
Many things have changed for me.
Yes, now I get a fresh breath with these victories.
So they make me feel great and look forward with confidence.",True
38,38,BG_Tennis_GrigorDimitrov_vs_TommyRobredo_YES,YES,"Ветеран е, ще използва всичко, което има в играта.
Играем във формат 3 от 5 сета.
Със сигурност няма да е лесен мач, но няма лесни мачове в схемата.
Харесвам шансовете си.
Физически се чувствам отлично в момента.","He is a veteran, he will use everything he has in the game.
We play in format 3 of 5 sets.
It will certainly not be an easy match, but there are no easy matches in the scheme.
I like my chances.
Physically, I feel great right now.",True
39,39,BG_Tennis_GrigorDimitrov_vs_ViktorTroicky_YES,YES,"Във всеки един мач трябва да си подготвен.
Всеки един мач е различен от другия, така че трябва да се фокусирам върху играта си и да подобря някои от нещата, които не направих добре вчера.
Всичко влиза в играта.
Тенис мач е, така че трябва да има един победител.","You have to be prepared in every match.
Each game is different from the other, so I need to focus on my game and improve on some of the things I didn't do well yesterday.
Everything comes into play.
It's a tennis match, so there has to be one winner.",True
40,40,BG_Tennis_MariaSharapova_vs_CvetanaPironkova_YES,YES,"Пиронкова е много опитна, особено на трева.
Тя играе вече много време, справи се отлично миналата година на Уимбълдън, така че ще ми бъде трудно срещу нея.
За мен този мач ще бъде много добър тест.","Pironkova is very experienced, especially on grass.
She has been playing for a long time, she did well last year at Wimbledon, so it will be difficult for me against her.
For me, this match will be a very good test.",True
41,41,BG_Tennis_MarioCilic_vs_GrigorDimitrov_NO,NO,"Чувството е добро.
Усещам, че общо взето играх добър тенис.
Демонстрирах прилично ниво.
Втория сет не беше лесен, губех с пробив и Фабиано сервираше за спечелването на сета.
От този момент нататък натиснах педала на газта и започнах да играя по-агресивно.
Ретурите ми също се подобриха.
Третият сет беше страхотен за мен.
Към края на мача играех много силен тенис.
Е, би ми харесало да го направя, но тук има още много други момчета със същата цел.
Засега карам стъпка по стъпка, докато опитвам да играя възможно най-добре.
Искам да продължа да поддържам концентрация и да опитам да вдигна играта си на по-високо ниво за следващия мач.
Да се надяваме, че ще ми се получи през следващите седмици.","The feeling is good.
I feel like I generally played good tennis.
I demonstrated a decent level.
The second set was not easy, I lost with a breakthrough and Fabiano served to win the set.
From that moment on, I pressed the accelerator and started to play more aggressively.
My returns have also improved.
The third set was great for me.
Towards the end of the match I was playing very strong tennis.
Well, I'd love to do it, but there are many other guys here for the same purpose.
For now, I'm driving step by step while trying to play my best.
I want to keep concentrating and try to raise my game to a higher level for the next game.
Let's hope it works out for me in the coming weeks.",True
42,42,BG_Tennis_NikolasBasilashvili_vs_GrigorDimitrov_NO,NO,"Ще бъде труден двубой, защото Димитров е в много добра форма.
Още повече, когато играе пред родна публика в София.
Но със сигурност ще се насладя на мача и нямам търпение той да започне.","It will be a difficult match because Dimitrov is in very good shape.
Even more so when he plays in front of a native audience in Sofia.
But I will definitely enjoy the match and I can't wait for it to start.",True
43,43,BG_Tennis_NovakDjokovic_vs_RafaelNadal_YES,YES,"Това беше един от най-силните ми мачове в Австралия.
Всичко в играта ми функционираше по план от първата минута.
Разбира се, моментът е труден за Люка.
Пожелавам му всичко най-добро до края на сезона.
Той има качествата да бъде играч от Топ 10.
За него днешният двубой беше първи полуфинал в Шлема.
Сигурен съм, че ще си извлече поуки и в бъдеще ще продължава да жъне успехи.
Финалът с Рафа?
Бих си купил билет, за да гледам този мач.
Казвам го, ако някой все още се колебае.
Всеки един финал срещу Надал в Шлема е изживяване, което се помни цял живот.
Не бих пуснал на сина ми запис на финала с Надал от 2012 (бел.ред. мачът продължи 5 часа и 53 минути), защото не искам да стои толкова дълго пред телевизора.
Това беше един от двубоите, които промениха кариерата ми.
Всъщност, с него винаги правим страхотни мачове.
Миналата година на Уимбълдън, когато го победих с 10:8 в петия сет… беше невероятно.
Този двубой ми позволи да си върна увереността.
Рафа играе впечатляващо.
Не е загубил сет от началото на турнира.
Сигурен съм, че ще взривим корта.
Мога да ви обещая, че и двамата ще дадем всичко и хората ще наслаждават на играта ни.
В неделя ще се изправя срещу най-големия си опонент във финал в турнир от Големия шлем.
Какво мога да искам повече?","It was one of my strongest matches in Australia.
Everything in my game worked according to plan from the first minute.
Of course, the moment is difficult for Luke.
I wish him all the best until the end of the season.
He has the qualities to be a Top 10 player.
For him, today's match was the first semifinal in the Slam.
I am sure that he will learn lessons and continue to reap success in the future.
The final with Rafa?
I would buy a ticket to watch this match.
I say it if anyone is still hesitant.
Every final against Nadal in the Helmet is an experience that will be remembered for a lifetime.
I wouldn't play my son a recording of the 2012 final with Nadal (the match lasted 5 hours and 53 minutes) because I don't want him to stay in front of the TV for that long.
It was one of the matches that changed my career.
In fact, we always make great matches with him.
Last year at Wimbledon, when I beat him 10: 8 in the fifth set, it was amazing.
This match allowed me to regain my confidence.
Rafa plays impressively.
He has not lost a set since the beginning of the tournament.
I'm sure we'll blow up the court.
I can promise you that we will both give our best and people will enjoy our game.
On Sunday, I will face my biggest opponent in the final of a Grand Slam tournament.
What more could I want?",True
44,44,BG_Tennis_RafaelNadal_vs_GrigorDimitrov_YES,YES,"Не мога да кажа, че съм възвърнал формата си.
Това не е така, просто започнах добре.
Това е първият ми мач от почти година насам на тази настилка.
Не мога да се преструвам, че не изпитвам никаква болка.
Важното е, че успях да се движа добре по корта и бях уверен в нещата, които правех срещу Агут.
Срещу Димитров ще бъде още един добър тест, така че ще видим.
Трябва отново да играя добре.
Имам нужда да играя мачове, да прекарвам повече време на корта и, разбира се, победите помагат.
Всяка победа носи положителна енергия, увереност в играта и възможностите на тялото.
И това е, от което имам нужда сега.","I can't say that I have regained my shape.
That's not the case, I just started well.
This is my first match in almost a year on this surface.
I can't pretend I'm not in any pain.
The important thing is that I managed to move well on the court and I was confident in the things I was doing against Agut.
There will be another good test against Dimitrov, so we'll see.
I have to play well again.
I need to play matches, spend more time on the court and, of course, victories help.
Every victory brings positive energy, confidence in the game and the capabilities of the body.
And that's what I need now.",True
45,45,BG_Tennis_RogerFederer_vs_DominicThiem_NO,NO,"Той няма как да не вкара всяка топка в корта в мач на клей.
Понякога това може да се случи на много бърз корт.
Той може да страда малко повече, ако си способен да го пресираш и през цялото време да го поставяш под напрежение.
На клей обаче не си представяш как това би станало, така че трябва да намеря решение.
Тийм играе страхотно.
Последно спечели в Барселона, а преди това и в Индиън Уелс.
Видях какво може и на по-бавните твърди кортове, не че исках да го доказва.
Но все пак мисля, че да победиш Рафа в Барселона е постижение.
Въпреки това все още смятам, че Рафа е мерната единица на клей, а не Доминик.
Ще видим обаче какво ще се случи.","He can't help but score every ball on the court in a clay match.
Sometimes this can happen on a very fast court.
He may suffer a little more if you are able to press him and put him under pressure all the time.
However, you can't imagine how this would happen, so I have to find a solution.
Team plays great.
He last won in Barcelona, ​​and before that in Indian Wells.
I saw what I could do on slower hard courts, not that I wanted to prove it.
But I still think that beating Rafa in Barcelona is an achievement.
However, I still think that Rafa is the unit of measurement of glue, not Dominic.
But we will see what happens.",True
46,46,BG_Tennis_RogerFederer_vs_GrigorDimitrov_YES,YES,"Всеки път когато играем, Григор е още по-силен от предишния път.
Той е в перфектната възраст, развива играта си по най-добрия начин, много е здрав физически и направи следващата стъпка в психологически план.
С него можеше да играем и на Откритото първенство на Австралия в Мелбърн, като тогава той беше близо до победата срещу Рафа Надал.
Очаквам доста труден двубой.
Ще бъде вълнуващо, Григор прави великолепни удари.
Имах повече проблеми с настинката, отколкото със съперниците ми.","Every time we play, Grigor is even stronger than the last time.
He is at the perfect age, develops his game in the best way, is very physically healthy and took the next step psychologically.
We could also play with him at the Australian Open in Melbourne, when he was close to victory against Rafa Nadal.
I expect a very difficult match.
It will be exciting, Grigor makes great shots.
I had more problems with the common cold than with my rivals.",True
47,47,BG_Tennis_StanWawrinka_vs_GrigorDimitrov_YES,YES,"Знам колко добре мога да играя.
Доволен съм от начина си на представяне.
Бях наистина агресивен и се движех по корта много по-добре отколкото в първия кръг.
Харесват ми условията за игра.
Знам колко успешен мога да съм тук.
В тренировките успявах да се натоварвам подобно на такъв мач.
Много съм доволен, но това е само един двубой.
Искам да съм готов за следващия.
След операцията на коляното ми отне време, за да вляза в оптимално физическо състояние да играя като днес.","I know how well I can play.
I am pleased with the way I present myself.
I was really aggressive and moved around the court much better than in the first round.
I like the playing conditions.
I know how successful I can be here.
In training I managed to work out like such a match.
I'm very happy, but this is just a match.
I want to be ready for the next one.
After the knee operation, it took me a while to get in optimal physical condition to play like today.",True
48,48,BG_Tennis_StefanosCicipas_vs_RafaelNadal_NO,NO,"Гледал съм поне един милион негови мачове на клей и познавам отлично начина му на игра.
Мога да предположа как ще действа във финалния мач и си мисля, че няма с какво да ме изненада.","I've watched at least a million of his clay court matches and I know his way of playing very well.
I can guess how he will act in the final match and I think he has nothing to surprise me with.",True
49,49,BG_Tennis_TommyRobredo_vs_GrigorDimitrov_NO,NO,"Ще съм готов каквото и да ми предложи Григор.
Ако смята, че условията тук ще му помогнат - така да бъде.
Ако кортът е бърз, ще съм доволен.
Ако е бавен, пак ще съм доволен.
Нямам проблеми и да вали дъжд.
Да, победих Григор в Мароко, но сега той знае какво да очаква, така че се готвя се за тежък мач.","I will be ready for anything Grigor offers me.
If he thinks the conditions here will help him, so be it.
If the court is fast, I will be happy.
If it's slow, I'll be happy again.
I have no problems with rain.
Yes, I beat Grigor in Morocco, but now he knows what to expect, so I'm getting ready for a tough match.",True
